{"cameraMode":{"drawMode":0,"name":"Shaded","section":"Shading Mode"},"sceneLighting":true,"audioPlay":false,"sceneViewState":{"showFog":true,"showMaterialUpdate":false,"showSkybox":false,"showFlares":true,"showImageEffects":true,"showParticleSystems":true},"in2DMode":false,"pivot":{"x":-0.19293642044067384,"y":0.7268579602241516,"z":-0.2255716770887375},"rotation":{"x":-0.030584389343857766,"y":-0.4857046902179718,"z":0.016620313748717309,"w":-0.8736417293548584},"size":4.303668975830078,"orthographic":false}