{"cameraMode":{"drawMode":0,"name":"Shaded","section":"Shading Mode"},"sceneLighting":true,"audioPlay":false,"sceneViewState":{"showFog":true,"showMaterialUpdate":false,"showSkybox":true,"showFlares":true,"showImageEffects":true,"showParticleSystems":true},"in2DMode":false,"pivot":{"x":446.815185546875,"y":683.926025390625,"z":-182.1658935546875},"rotation":{"x":0.08463543653488159,"y":0.29783740639686587,"z":-0.02654034085571766,"w":0.9505676031112671},"size":694.2686767578125,"orthographic":false}