{"cameraMode":{"drawMode":0,"name":"Shaded","section":"Shading Mode"},"sceneLighting":false,"audioPlay":false,"sceneViewState":{"showFog":true,"showMaterialUpdate":false,"showSkybox":false,"showFlares":true,"showImageEffects":true,"showParticleSystems":true},"in2DMode":false,"pivot":{"x":-8.060234069824219,"y":-0.21818126738071443,"z":4.138116836547852},"rotation":{"x":0.008314327336847783,"y":-0.510761559009552,"z":-0.005962543189525604,"w":-0.8599345088005066},"size":6.702647686004639,"orthographic":false}