{"cameraMode":{"drawMode":0,"name":"Shaded","section":"Shading Mode"},"sceneLighting":true,"audioPlay":false,"sceneViewState":{"showFog":true,"showMaterialUpdate":false,"showSkybox":true,"showFlares":true,"showImageEffects":true,"showParticleSystems":true},"in2DMode":false,"pivot":{"x":996.9360961914063,"y":636.848388671875,"z":11.6806640625},"rotation":{"x":0.028496045619249345,"y":0.0029987425077706577,"z":-0.000085403211414814,"w":0.9995906949043274},"size":1437.6165771484375,"orthographic":false}