{"cameraMode":{"drawMode":0,"name":"Shaded","section":"Shading Mode"},"sceneLighting":false,"audioPlay":false,"sceneViewState":{"showFog":true,"showMaterialUpdate":false,"showSkybox":false,"showFlares":true,"showImageEffects":true,"showParticleSystems":true},"in2DMode":false,"pivot":{"x":6.7458415031433109,"y":-1.0796024799346924,"z":1.6252508163452149},"rotation":{"x":0.19097724556922913,"y":0.7074744701385498,"z":-0.20871388912200929,"w":0.6476988792419434},"size":1.6444640159606934,"orthographic":false}