{"cameraMode":{"drawMode":0,"name":"Shaded","section":"Shading Mode"},"sceneLighting":true,"audioPlay":false,"sceneViewState":{"showFog":true,"showMaterialUpdate":false,"showSkybox":true,"showFlares":true,"showImageEffects":true,"showParticleSystems":true},"in2DMode":false,"pivot":{"x":36.941123962402347,"y":2.252441167831421,"z":-120.30158996582031},"rotation":{"x":0.12938041985034944,"y":0.19352567195892335,"z":-0.025790616869926454,"w":0.9722065925598145},"size":10.204730987548829,"orthographic":false}