{"cameraMode":{"drawMode":0,"name":"Shaded","section":"Shading Mode"},"sceneLighting":true,"audioPlay":false,"sceneViewState":{"showFog":true,"showMaterialUpdate":false,"showSkybox":true,"showFlares":true,"showImageEffects":true,"showParticleSystems":true},"in2DMode":false,"pivot":{"x":36.312747955322269,"y":2.475125789642334,"z":-122.92477416992188},"rotation":{"x":0.19113180041313172,"y":-0.0029597000684589149,"z":0.0004951650626026094,"w":0.9815965890884399},"size":6.210255146026611,"orthographic":false}