{"cameraMode":{"drawMode":0,"name":"Shaded","section":"Shading Mode"},"sceneLighting":false,"audioPlay":false,"sceneViewState":{"showFog":true,"showMaterialUpdate":false,"showSkybox":false,"showFlares":true,"showImageEffects":true,"showParticleSystems":true},"in2DMode":false,"pivot":{"x":-2.7630906105041506,"y":0.5323526859283447,"z":2.122627019882202},"rotation":{"x":0.03764882683753967,"y":-0.6556281447410584,"z":-0.03394050896167755,"w":-0.7536925077438355},"size":7.259526252746582,"orthographic":false}