{"cameraMode":{"drawMode":0,"name":"Shaded","section":"Shading Mode"},"sceneLighting":true,"audioPlay":false,"sceneViewState":{"showFog":true,"showMaterialUpdate":false,"showSkybox":true,"showFlares":true,"showImageEffects":true,"showParticleSystems":true},"in2DMode":false,"pivot":{"x":44.2971076965332,"y":3.748044013977051,"z":-129.04676818847657},"rotation":{"x":-0.046267349272966388,"y":-0.8477407097816467,"z":0.07393426448106766,"w":-0.5236097574234009},"size":3.3323376178741457,"orthographic":false}